Player,Year,All_Star
Charles Barkley,1990,1
Joe Dumars,1990,1
Patrick Ewing,1990,1
Michael Jordan,1990,1
Bernard King,1990,1
Brad Daugherty,1990,1
Hersey Hawkins,1990,1
Kevin McHale,1990,1
Robert Parish,1990,1
Ricky Pierce,1990,1
Alvin Robertson,1990,1
Dominique Wilkins,1990,1
Kevin Johnson,1990,1
Magic Johnson,1990,1
Karl Malone,1990,1
Chris Mullin,1990,1
David Robinson,1990,1
Tom Chambers,1990,1
Clyde Drexler,1990,1
Kevin Duckworth,1990,1
Tim Hardaway,1990,1
Terry Porter,1990,1
John Stockton,1990,1
James Worthy,1990,1
Charles Barkley,1991,1
Patrick Ewing,1991,1
Michael Jordan,1991,1
Scottie Pippen,1991,1
Isiah Thomas,1991,1
Michael Adams,1991,1
Brad Daugherty,1991,1
Joe Dumars,1991,1
Reggie Lewis,1991,1
Mark Price,1991,1
Dennis Rodman,1991,1
Kevin Willis,1991,1
Clyde Drexler,1991,1
Magic Johnson,1991,1
Karl Malone,1991,1
Chris Mullin,1991,1
David Robinson,1991,1
Tim Hardaway,1991,1
Jeff Hornacek,1991,1
Dan Majerle,1991,1
Dikembe Mutombo,1991,1
Hakeem Olajuwon,1991,1
John Stockton,1991,1
Otis Thorpe,1991,1
James Worthy,1991,1
Larry Johnson,1992,1
Michael Jordan,1992,1
Shaquille O'Neal,1992,1
Scottie Pippen,1992,1
Isiah Thomas,1992,1
Brad Daugherty,1992,1
Joe Dumars,1992,1
Patrick Ewing,1992,1
Larry Nance,1992,1
Mark Price,1992,1
Detlef Schrempf,1992,1
Dominique Wilkins,1992,1
Charles Barkley,1992,1
Clyde Drexler,1992,1
Karl Malone,1992,1
David Robinson,1992,1
John Stockton,1992,1
Sean Elliott,1992,1
Tim Hardaway,1992,1
Shawn Kemp,1992,1
Dan Majerle,1992,1
Danny Manning,1992,1
Hakeem Olajuwon,1992,1
Terry Porter,1992,1
Kenny Anderson,1993,1
B.J. Armstrong,1993,1
Derrick Coleman,1993,1
Shaquille O'Neal,1993,1
Scottie Pippen,1993,1
Mookie Blaylock,1993,1
Patrick Ewing,1993,1
Horace Grant,1993,1
Charles Oakley,1993,1
Mark Price,1993,1
John Starks,1993,1
Dominique Wilkins,1993,1
Clyde Drexler,1993,1
Shawn Kemp,1993,1
Karl Malone,1993,1
Hakeem Olajuwon,1993,1
Mitch Richmond,1993,1
Kevin Johnson,1993,1
Danny Manning,1993,1
Gary Payton,1993,1
Clifford Robinson,1993,1
David Robinson,1993,1
Latrell Sprewell,1993,1
John Stockton,1993,1
Anfernee Hardaway,1994,1
Grant Hill,1994,1
Reggie Miller,1994,1
Shaquille O'Neal,1994,1
Scottie Pippen,1994,1
Vin Baker,1994,1
Dana Barros,1994,1
Joe Dumars,1994,1
Patrick Ewing,1994,1
Tyrone Hill,1994,1
Larry Johnson,1994,1
Alonzo Mourning,1994,1
Charles Barkley,1994,1
Shawn Kemp,1994,1
Dan Majerle,1994,1
Hakeem Olajuwon,1994,1
Latrell Sprewell,1994,1
Karl Malone,1994,1
Dikembe Mutombo,1994,1
Gary Payton,1994,1
Mitch Richmond,1994,1
David Robinson,1994,1
Detlef Schrempf,1994,1
John Stockton,1994,1
Anfernee Hardaway,1995,1
Grant Hill,1995,1
Michael Jordan,1995,1
Shaquille O'Neal,1995,1
Scottie Pippen,1995,1
Vin Baker,1995,1
Terrell Brandon,1995,1
Patrick Ewing,1995,1
Juwan Howard,1995,1
Reggie Miller,1995,1
Alonzo Mourning,1995,1
Glen Rice,1995,1
Charles Barkley,1995,1
Clyde Drexler,1995,1
Shawn Kemp,1995,1
Jason Kidd,1995,1
Hakeem Olajuwon,1995,1
Sean Elliott,1995,1
Karl Malone,1995,1
Dikembe Mutombo,1995,1
Gary Payton,1995,1
Mitch Richmond,1995,1
David Robinson,1995,1
John Stockton,1995,1
Anfernee Hardaway,1996,1
Grant Hill,1996,1
Michael Jordan,1996,1
Dikembe Mutombo,1996,1
Scottie Pippen,1996,1
Vin Baker,1996,1
Terrell Brandon,1996,1
Joe Dumars,1996,1
Tim Hardaway,1996,1
Christian Laettner,1996,1
Glen Rice,1996,1
Chris Webber,1996,1
Shawn Kemp,1996,1
Karl Malone,1996,1
Hakeem Olajuwon,1996,1
Gary Payton,1996,1
John Stockton,1996,1
Kevin Garnett,1996,1
Chris Gatling,1996,1
Tom Gugliotta,1996,1
Eddie Jones,1996,1
Mitch Richmond,1996,1
Detlef Schrempf,1996,1
Latrell Sprewell,1996,1
Anfernee Hardaway,1997,1
Grant Hill,1997,1
Michael Jordan,1997,1
Shawn Kemp,1997,1
Dikembe Mutombo,1997,1
Tim Hardaway,1997,1
Reggie Miller,1997,1
Glen Rice,1997,1
Steve Smith,1997,1
Rik Smits,1997,1
Antoine Walker,1997,1
Jayson Williams,1997,1
Kobe Bryant,1997,1
Kevin Garnett,1997,1
Karl Malone,1997,1
Shaquille O'Neal,1997,1
Gary Payton,1997,1
Vin Baker,1997,1
Tim Duncan,1997,1
Eddie Jones,1997,1
Jason Kidd,1997,1
Mitch Richmond,1997,1
David Robinson,1997,1
Nick Van Exel,1997,1
Vince Carter,1999,1
Grant Hill,1999,1
Allen Iverson,1999,1
Eddie Jones,1999,1
Alonzo Mourning,1999,1
Ray Allen,1999,1
Dale Davis,1999,1
Allan Houston,1999,1
Reggie Miller,1999,1
Dikembe Mutombo,1999,1
Glenn Robinson,1999,1
Jerry Stackhouse,1999,1
Kobe Bryant,1999,1
Tim Duncan,1999,1
Kevin Garnett,1999,1
Jason Kidd,1999,1
Shaquille O'Neal,1999,1
Michael Finley,1999,1
Karl Malone,1999,1
Gary Payton,1999,1
David Robinson,1999,1
John Stockton,1999,1
Rasheed Wallace,1999,1
Chris Webber,1999,1
Vince Carter,2000,1
Antonio Davis,2000,1
Allen Iverson,2000,1
Anthony Mason,2000,1
Tracy McGrady,2000,1
Ray Allen,2000,1
Allan Houston,2000,1
Stephon Marbury,2000,1
Dikembe Mutombo,2000,1
Glenn Robinson,2000,1
Latrell Sprewell,2000,1
Jerry Stackhouse,2000,1
Kobe Bryant,2000,1
Tim Duncan,2000,1
Kevin Garnett,2000,1
Jason Kidd,2000,1
Chris Webber,2000,1
Vlade Divac,2000,1
Michael Finley,2000,1
Karl Malone,2000,1
Antonio McDyess,2000,1
Gary Payton,2000,1
David Robinson,2000,1
Rasheed Wallace,2000,1
Allen Iverson,2001,1
Michael Jordan,2001,1
Jason Kidd,2001,1
Dikembe Mutombo,2001,1
Antoine Walker,2001,1
Shareef Abdur-Rahim,2001,1
Ray Allen,2001,1
Baron Davis,2001,1
Tracy McGrady,2001,1
Alonzo Mourning,2001,1
Jermaine O'Neal,2001,1
Paul Pierce,2001,1
Kobe Bryant,2001,1
Tim Duncan,2001,1
Steve Francis,2001,1
Kevin Garnett,2001,1
Chris Webber,2001,1
Elton Brand,2001,1
Steve Nash,2001,1
Dirk Nowitzki,2001,1
Gary Payton,2001,1
Peja Stojakovic,2001,1
Wally Szczerbiak,2001,1
Allen Iverson,2002,1
Michael Jordan,2002,1
Tracy McGrady,2002,1
Jermaine O'Neal,2002,1
Ben Wallace,2002,1
Vince Carter,2002,1
Zydrunas Ilgauskas,2002,1
Jason Kidd,2002,1
Jamal Mashburn,2002,1
Brad Miller,2002,1
Paul Pierce,2002,1
Antoine Walker,2002,1
Kobe Bryant,2002,1
Tim Duncan,2002,1
Steve Francis,2002,1
Kevin Garnett,2002,1
Yao Ming,2002,1
Stephon Marbury,2002,1
Shawn Marion,2002,1
Steve Nash,2002,1
Dirk Nowitzki,2002,1
Shaquille O'Neal,2002,1
Gary Payton,2002,1
Peja Stojakovic,2002,1
Vince Carter,2003,1
Allen Iverson,2003,1
Tracy McGrady,2003,1
Jermaine O'Neal,2003,1
Ben Wallace,2003,1
Baron Davis,2003,1
Jason Kidd,2003,1
Jamaal Magloire,2003,1
Kenyon Martin,2003,1
Paul Pierce,2003,1
Michael Redd,2003,1
Metta World Peace,2003,1
Kobe Bryant,2003,1
Tim Duncan,2003,1
Steve Francis,2003,1
Kevin Garnett,2003,1
Yao Ming,2003,1
Ray Allen,2003,1
Sam Cassell,2003,1
Andrei Kirilenko,2003,1
Brad Miller,2003,1
Dirk Nowitzki,2003,1
Shaquille O'Neal,2003,1
Peja Stojakovic,2003,1
Vince Carter,2004,1
Grant Hill,2004,1
Allen Iverson,2004,1
LeBron James,2004,1
Shaquille O'Neal,2004,1
Gilbert Arenas,2004,1
Zydrunas Ilgauskas,2004,1
Antawn Jamison,2004,1
Jermaine O'Neal,2004,1
Paul Pierce,2004,1
Dwyane Wade,2004,1
Ben Wallace,2004,1
Kobe Bryant,2004,1
Tim Duncan,2004,1
Kevin Garnett,2004,1
Tracy McGrady,2004,1
Yao Ming,2004,1
Ray Allen,2004,1
Manu Ginobili,2004,1
Rashard Lewis,2004,1
Shawn Marion,2004,1
Steve Nash,2004,1
Dirk Nowitzki,2004,1
Amar'e Stoudemire,2004,1
Vince Carter,2005,1
Allen Iverson,2005,1
LeBron James,2005,1
Shaquille O'Neal,2005,1
Dwyane Wade,2005,1
Gilbert Arenas,2005,1
Chauncey Billups,2005,1
Chris Bosh,2005,1
Richard Hamilton,2005,1
Paul Pierce,2005,1
Ben Wallace,2005,1
Rasheed Wallace,2005,1
Kobe Bryant,2005,1
Tim Duncan,2005,1
Tracy McGrady,2005,1
Yao Ming,2005,1
Steve Nash,2005,1
Ray Allen,2005,1
Elton Brand,2005,1
Kevin Garnett,2005,1
Pau Gasol,2005,1
Shawn Marion,2005,1
Dirk Nowitzki,2005,1
Tony Parker,2005,1
Gilbert Arenas,2006,1
Chris Bosh,2006,1
LeBron James,2006,1
Shaquille O'Neal,2006,1
Dwyane Wade,2006,1
Chauncey Billups,2006,1
Caron Butler,2006,1
Vince Carter,2006,1
Richard Hamilton,2006,1
Dwight Howard,2006,1
Joe Johnson,2006,1
Jermaine O'Neal,2006,1
Kobe Bryant,2006,1
Tim Duncan,2006,1
Kevin Garnett,2006,1
Tracy McGrady,2006,1
Dirk Nowitzki,2006,1
Ray Allen,2006,1
Carmelo Anthony,2006,1
Josh Howard,2006,1
Shawn Marion,2006,1
Mehmet Okur,2006,1
Tony Parker,2006,1
Amar'e Stoudemire,2006,1
Chris Bosh,2007,1
Dwight Howard,2007,1
LeBron James,2007,1
Jason Kidd,2007,1
Dwyane Wade,2007,1
Ray Allen,2007,1
Chauncey Billups,2007,1
Richard Hamilton,2007,1
Antawn Jamison,2007,1
Joe Johnson,2007,1
Paul Pierce,2007,1
Rasheed Wallace,2007,1
Carmelo Anthony,2007,1
Kobe Bryant,2007,1
Tim Duncan,2007,1
Allen Iverson,2007,1
Yao Ming,2007,1
Carlos Boozer,2007,1
Steve Nash,2007,1
Dirk Nowitzki,2007,1
Chris Paul,2007,1
Brandon Roy,2007,1
Amar'e Stoudemire,2007,1
David West,2007,1
Kevin Garnett,2008,1
Dwight Howard,2008,1
Allen Iverson,2008,1
LeBron James,2008,1
Dwyane Wade,2008,1
Ray Allen,2008,1
Danny Granger,2008,1
Devin Harris,2008,1
Joe Johnson,2008,1
Rashard Lewis,2008,1
Paul Pierce,2008,1
Mo Williams,2008,1
Kobe Bryant,2008,1
Tim Duncan,2008,1
Yao Ming,2008,1
Chris Paul,2008,1
Amar'e Stoudemire,2008,1
Chauncey Billups,2008,1
Pau Gasol,2008,1
Dirk Nowitzki,2008,1
Shaquille O'Neal,2008,1
Tony Parker,2008,1
Brandon Roy,2008,1
David West,2008,1
Kevin Garnett,2009,1
Dwight Howard,2009,1
LeBron James,2009,1
Joe Johnson,2009,1
Dwyane Wade,2009,1
Chris Bosh,2009,1
Al Horford,2009,1
David Lee,2009,1
Paul Pierce,2009,1
Rajon Rondo,2009,1
Derrick Rose,2009,1
Gerald Wallace,2009,1
Carmelo Anthony,2009,1
Tim Duncan,2009,1
Steve Nash,2009,1
Dirk Nowitzki,2009,1
Amar'e Stoudemire,2009,1
Chauncey Billups,2009,1
Kevin Durant,2009,1
Pau Gasol,2009,1
Chris Kaman,2009,1
Jason Kidd,2009,1
Zach Randolph,2009,1
Deron Williams,2009,1
Dwight Howard,2010,1
LeBron James,2010,1
Derrick Rose,2010,1
Amar'e Stoudemire,2010,1
Dwyane Wade,2010,1
Ray Allen,2010,1
Chris Bosh,2010,1
Kevin Garnett,2010,1
Al Horford,2010,1
Joe Johnson,2010,1
Paul Pierce,2010,1
Rajon Rondo,2010,1
Carmelo Anthony,2010,1
Kobe Bryant,2010,1
Tim Duncan,2010,1
Kevin Durant,2010,1
Chris Paul,2010,1
Pau Gasol,2010,1
Manu Ginobili,2010,1
Blake Griffin,2010,1
Kevin Love,2010,1
Dirk Nowitzki,2010,1
Russell Westbrook,2010,1
Deron Williams,2010,1
Carmelo Anthony,2011,1
Dwight Howard,2011,1
LeBron James,2011,1
Derrick Rose,2011,1
Dwyane Wade,2011,1
Chris Bosh,2011,1
Luol Deng,2011,1
Roy Hibbert,2011,1
Andre Iguodala,2011,1
Paul Pierce,2011,1
Rajon Rondo,2011,1
Deron Williams,2011,1
Kobe Bryant,2011,1
Andrew Bynum,2011,1
Kevin Durant,2011,1
Blake Griffin,2011,1
Chris Paul,2011,1
LaMarcus Aldridge,2011,1
Marc Gasol,2011,1
Kevin Love,2011,1
Steve Nash,2011,1
Dirk Nowitzki,2011,1
Tony Parker,2011,1
Russell Westbrook,2011,1
Carmelo Anthony,2012,1
Chris Bosh,2012,1
Kevin Garnett,2012,1
LeBron James,2012,1
Dwyane Wade,2012,1
Tyson Chandler,2012,1
Luol Deng,2012,1
Paul George,2012,1
Jrue Holiday,2012,1
Kyrie Irving,2012,1
Brook Lopez,2012,1
Joakim Noah,2012,1
Kobe Bryant,2012,1
Kevin Durant,2012,1
Blake Griffin,2012,1
Dwight Howard,2012,1
Chris Paul,2012,1
LaMarcus Aldridge,2012,1
Tim Duncan,2012,1
James Harden,2012,1
David Lee,2012,1
Tony Parker,2012,1
Zach Randolph,2012,1
Russell Westbrook,2012,1
Carmelo Anthony,2013,1
Paul George,2013,1
Kyrie Irving,2013,1
LeBron James,2013,1
Dwyane Wade,2013,1
Chris Bosh,2013,1
DeMar DeRozan,2013,1
Roy Hibbert,2013,1
Joe Johnson,2013,1
Paul Millsap,2013,1
Joakim Noah,2013,1
John Wall,2013,1
Stephen Curry,2013,1
Kevin Durant,2013,1
Blake Griffin,2013,1
James Harden,2013,1
Kevin Love,2013,1
LaMarcus Aldridge,2013,1
Anthony Davis,2013,1
Dwight Howard,2013,1
Damian Lillard,2013,1
Dirk Nowitzki,2013,1
Tony Parker,2013,1
Chris Paul,2013,1
Carmelo Anthony,2014,1
Pau Gasol,2014,1
LeBron James,2014,1
Kyle Lowry,2014,1
John Wall,2014,1
Chris Bosh,2014,1
Jimmy Butler,2014,1
Al Horford,2014,1
Kyrie Irving,2014,1
Kyle Korver,2014,1
Paul Millsap,2014,1
Jeff Teague,2014,1
LaMarcus Aldridge,2014,1
Stephen Curry,2014,1
Marc Gasol,2014,1
James Harden,2014,1
Klay Thompson,2014,1
DeMarcus Cousins,2014,1
Tim Duncan,2014,1
Kevin Durant,2014,1
Damian Lillard,2014,1
Dirk Nowitzki,2014,1
Chris Paul,2014,1
Russell Westbrook,2014,1
Carmelo Anthony,2015,1
Paul George,2015,1
LeBron James,2015,1
Kyle Lowry,2015,1
Dwyane Wade,2015,1
DeMar DeRozan,2015,1
Andre Drummond,2015,1
Pau Gasol,2015,1
Al Horford,2015,1
Paul Millsap,2015,1
Isaiah Thomas,2015,1
John Wall,2015,1
Kobe Bryant,2015,1
Stephen Curry,2015,1
Kevin Durant,2015,1
Kawhi Leonard,2015,1
Russell Westbrook,2015,1
LaMarcus Aldridge,2015,1
DeMarcus Cousins,2015,1
Anthony Davis,2015,1
Draymond Green,2015,1
James Harden,2015,1
Chris Paul,2015,1
Klay Thompson,2015,1
Giannis Antetokounmpo,2016,1
Jimmy Butler,2016,1
DeMar DeRozan,2016,1
Kyrie Irving,2016,1
LeBron James,2016,1
Carmelo Anthony,2016,1
Paul George,2016,1
Kyle Lowry,2016,1
Paul Millsap,2016,1
Isaiah Thomas,2016,1
Kemba Walker,2016,1
John Wall,2016,1
Stephen Curry,2016,1
Anthony Davis,2016,1
Kevin Durant,2016,1
James Harden,2016,1
Kawhi Leonard,2016,1
DeMarcus Cousins,2016,1
Marc Gasol,2016,1
Draymond Green,2016,1
Gordon Hayward,2016,1
DeAndre Jordan,2016,1
Klay Thompson,2016,1
Russell Westbrook,2016,1
Anthony Davis,2017,1
Kevin Durant,2017,1
Kyrie Irving,2017,1
LeBron James,2017,1
Russell Westbrook,2017,1
LaMarcus Aldridge,2017,1
Bradley Beal,2017,1
Goran Dragic,2017,1
Andre Drummond,2017,1
Paul George,2017,1
Victor Oladipo,2017,1
Kemba Walker,2017,1
Giannis Antetokounmpo,2017,1
Stephen Curry,2017,1
DeMar DeRozan,2017,1
Joel Embiid,2017,1
James Harden,2017,1
Draymond Green,2017,1
Al Horford,2017,1
Damian Lillard,2017,1
Kyle Lowry,2017,1
Klay Thompson,2017,1
Karl-Anthony Towns,2017,1
Giannis Antetokounmpo,2018,1
Stephen Curry,2018,1
Joel Embiid,2018,1
Paul George,2018,1
Kemba Walker,2018,1
Blake Griffin,2018,1
Nikola Jokic,2018,1
Kyle Lowry,2018,1
Khris Middleton,2018,1
Dirk Nowitzki,2018,1
D'Angelo Russell,2018,1
Nikola Vucevic,2018,1
Russell Westbrook,2018,1
Kevin Durant,2018,1
James Harden,2018,1
Kyrie Irving,2018,1
LeBron James,2018,1
Kawhi Leonard,2018,1
LaMarcus Aldridge,2018,1
Bradley Beal,2018,1
Anthony Davis,2018,1
Damian Lillard,2018,1
Ben Simmons,2018,1
Klay Thompson,2018,1
Karl-Anthony Towns,2018,1
Dwyane Wade,2018,1
Giannis Antetokounmpo,2019,1
Joel Embiid,2019,1
Pascal Siakam,2019,1
Kemba Walker,2019,1
Trae Young,2019,1
Bam Adebayo,2019,1
Jimmy Butler,2019,1
Rudy Gobert,2019,1
Brandon Ingram,2019,1
Kyle Lowry,2019,1
Khris Middleton,2019,1
Donovan Mitchell,2019,1
Anthony Davis,2019,1
Luka Doncic,2019,1
James Harden,2019,1
LeBron James,2019,1
Kawhi Leonard,2019,1
Devin Booker,2019,1
Nikola Jokic,2019,1
Chris Paul,2019,1
Domantas Sabonis,2019,1
Ben Simmons,2019,1
Jayson Tatum,2019,1
Russell Westbrook,2019,1
Bradley Beal,2020,1
Joel Embiid,2020,1
Kyrie Irving,2020,1
Kawhi Leonard,2020,1
Jayson Tatum,2020,1
Mike Conley Jr,2020,1
James Harden,2020,1
Zach LaVine,2020,1
Donovan Mitchell,2020,1
Julius Randle,2020,1
Nikola Vucevic,2020,1
Zion Williamson,2020,1
Giannis Antetokounmpo,2020,1
Stephen Curry,2020,1
Luka Doncic,2020,1
LeBron James,2020,1
Nikola Jokic,2020,1
Jaylen Brown,2020,1
Paul George,2020,1
Rudy Gobert,2020,1
Damian Lillard,2020,1
Chris Paul,2020,1
Domantas Sabonis,2020,1
Ben Simmons,2020,1
Stephen Curry,2021,1
LeBron James,2021,1
Giannis Antetokounmpo,2021,1
DeMar DeRozan,2021,1
Nikola Jokic,2021,1
Luka Doncic,2021,1
Darius Garland,2021,1
Jarrett Allen,2021,1
Fred VanVleet,2021,1
Jimmy Butler,2021,1
Chris Paul,2021,1
Joel Embiid,2021,1
Jayson Tatum,2021,1
Trae Young,2021,1
Ja Morant,2021,1
Andrew Wiggins,2021,1
Devin Booker,2021,1
Dejounte Murray,2021,1
LaMelo Ball,2021,1
Khris Middleton,2021,1
Karl-Anthony Towns,2021,1
Rudy Gobert,2021,1
Zach LaVine,2021,1
Jayson Tatum,2022,1
Donovan Mitchell,2022,1
Lauri Markkanen,2022,1
Ja Morant,2022,1
Giannis Antetokounmpo,2022,1
Bam Adebayo,2022,1
Damian Lillard,2022,1
DeMar DeRozan,2022,1
Pascal Siakam,2022,1
Domantas Sabonis,2022,1
Shai Gilgeous-Alexander,2022,1
Jrue Holiday,2022,1
Kyrie Irving,2022,1
Joel Embiid,2022,1
Nikola Jokic,2022,1
Luka Doncic,2022,1
LeBron James,2022,1
Jaylen Brown,2022,1
Julius Randle,2022,1
Paul George,2022,1
Anthony Edwards,2022,1
Tyrese Haliburton,2022,1
De'Aaron Fox,2022,1
Jaren Jackson Jr.,2022,1
Jayson Tatum,2022,1
Donovan Mitchell,2022,1
Lauri Markkanen,2022,1
Ja Morant,2022,1
Giannis Antetokounmpo,2022,1
Bam Adebayo,2022,1
Damian Lillard,2022,1
DeMar DeRozan,2022,1
Pascal Siakam,2022,1
Domantas Sabonis,2022,1
Shai Gilgeous-Alexander,2022,1
Jrue Holiday,2022,1
Kyrie Irving,2022,1
Joel Embiid,2022,1
Nikola Jokic,2022,1
Luka Doncic,2022,1
LeBron James,2022,1
Jaylen Brown,2022,1
Julius Randle,2022,1
Paul George,2022,1
Anthony Edwards,2022,1
Tyrese Haliburton,2022,1
De'Aaron Fox,2022,1
Jaren Jackson Jr.,2022,1
